Nom;Prenom;Promo;Adresse Mail;
BOUTIN;Jean;1990;delasalle.sioboutin.k@gmail.com;
CARTRON;Jim;1990;jeanmichelcartron@gmail.com;
test;test;0000;d..e.l..a.sa.l.l.e.s.i.o.d.e.stin.a.t.aire@gmail.c;
test;test;0000;d..e..l.a.sa.l.l.e.s.i.o.d.e.stin.a.t.aire@gmail.c;
test;test;0000;d..e.l.a..sa.l.l.e.s.i.o.d.e.stin.a.t.aire@gmail.c;
test;test;0000;d..e.l..a.sa.l.l.e.s.i.o.d.e.stin.a.t.aire@gmail.c;
test;test;0000;d..e.l.a..sa.l.l.e.s.i.o.d.e.stin.a.t.aire@gmail.c;
test;test;0000;d..e.l..a.sa.l.l.e.s.i.o.d.e.stin.a.t.aire@gmail.c;
test;test;0000;d..e.l.a.s.a.l.l.e.s.i.o.d.e.stin.a.t.aire@gmail.c;
test;test;0000;d..e.l.a..sa.l.l.e.s.i.o.d.e.stin.a.t.aire@gmail.c;
test;test;0000;d..e.l.a.sa..l.l.e.s.i.o.d.e.stin.a.t.aire@gmail.c;
test;test;0000;d..e.l.a..sa.l.l.e.s.i.o.d.e.stin.a.t.aire@gmail.c;
test;test;0000;d..e.l.a.s.a.l.l.e.s.i.o.d.e.stin.a.t.aire@gmail.c;
test;test;0000;d..e.l.a.sa..l.l.e.s.i.o.d.e.stin.a.t.aire@gmail.c;
test;test;0000;d..e.l.a.sa..l.l.e.s.i.o.d.e.stin.a.t.aire@gmail.c;
test;test;0000;d..e.l.a.sa.l..l.e.s.i.o.d.e.stin.a.t.aire@gmail.c;
test;test;0000;d..e.l.a.sa.l..l.e.s.i.o.d.e.stin.a.t.aire@gmail.c;
test;test;0000;d..e..l.a.sa.l.l.e.s.i.o.d.e.stin.a.t.aire@gmail.c;
test;test;0000;d..e.l..a.sa.l.l.e.s.i.o.d.e.stin.a.t.aire@gmail.c;
test;test;0000;d..e..l.a.sa.l.l.e.s.i.o.d.e.stin.a.t.aire@gmail.c;
test;test;0000;d..e.l.a.sa..l.l.e.s.i.o.d.e.stin.a.t.aire@gmail.c;
test;test;0000;d..e.l.a.sa..l.l.e.s.i.o.d.e.stin.a.t.aire@gmail.c;
test;test;0000;d..e.l.a.sa.l..l.e.s.i.o.d.e.stin.a.t.aire@gmail.c;
test;test;0000;d..e.l.a.sa.l..l.e.s.i.o.d.e.stin.a.t.aire@gmail.c;
test;test;0000;d..e.l.a.sa.l.l..e.s.i.o.d.e.stin.a.t.aire@gmail.c;
test;test;0000;d..e.l.a.sa.l.l..e.s.i.o.d.e.stin.a.t.aire@gmail.c;
test;test;0000;d..e.l.a.sa.l.l.e..s.i.o.d.e.stin.a.t.aire@gmail.c;
test;test;0000;d..e.l.a.sa.l.l.e..s.i.o.d.e.stin.a.t.aire@gmail.c;
test;test;0000;d..e.l.a.sa.l.l.e.s..i.o.d.e.stin.a.t.aire@gmail.c;
test;test;0000;d..e.l.a.sa.l.l.e.s..i.o.d.e.stin.a.t.aire@gmail.c;
test;test;0000;d..e.l.a.sa.l.l.e.s.i.o.d.e.stin.a.t.aire@gmail.co;
test;test;0000;d...e.l.a.sa.l.l.e.s.i.o.d.e.stin.a.t.aire@gmail.c;
test;test;0000;d..e.l.a.sa.l.l.e.s.i.o.d.e.stin.a.t.aire@gmail.co;
test;test;0000;d..e..l.a.sa.l.l.e.s.i.o.d.e.stin.a.t.aire@gmail.c;
test;test;0000;d...e.l.a.sa.l.l.e.s.i.o.d.e.stin.a.t.aire@gmail.c;
test;test;0000;d..e.l.a.sa.l.l..e.s.i.o.d.e.stin.a.t.aire@gmail.c;
